Purchase ID,SN,Age,Gender,Item ID,Item Name,Price,,,Unique Users,User Count,Uniquie items,Item count,average price
0,Lisim78,20,Male,108,"Extraction, Quickblade Of Trembling Hands",3.53,,,,,,,
1,Lisovynya38,40,Male,143,Frenzied Scimitar,1.56,,,,,,,
2,Ithergue48,24,Male,92,Final Critic,4.88,,,Lisim78,576,"Extraction, Quickblade Of Trembling Hands",179,3.050987179
3,Chamassasya86,24,Male,100,Blindscythe,3.27,,,Lisovynya38,,Frenzied Scimitar,,
4,Iskosia90,23,Male,131,Fury,1.44,,,Ithergue48,,Final Critic,,
5,Yalae81,22,Male,81,Dreamkiss,3.61,,,Chamassasya86,,Blindscythe,,
6,Itheria73,36,Male,169,"Interrogator, Blood Blade of the Queen",2.18,,,Iskosia90,,Fury,,
7,Iskjaskst81,20,Male,162,Abyssal Shard,2.67,,,Yalae81,,Dreamkiss,,
8,Undjask33,22,Male,21,Souleater,1.1,,,Itheria73,,"Interrogator, Blood Blade of the Queen",,
9,Chanosian48,35,Other / Non-Disclosed,136,Ghastly Adamantite Protector,3.58,,,Iskjaskst81,,Abyssal Shard,,
10,Inguron55,23,Male,95,Singed Onyx Warscythe,4.74,,,Undjask33,,Souleater,,
11,Haisrisuir60,23,Male,162,Abyssal Shard,2.67,,,Chanosian48,,Ghastly Adamantite Protector,,
12,Saelaephos52,21,Male,116,Renewed Skeletal Katana,4.18,,,Inguron55,,Singed Onyx Warscythe,,
13,Assjaskan73,22,Male,4,Bloodlord's Fetish,1.7,,,Haisrisuir60,,Renewed Skeletal Katana,,
14,Saesrideu94,35,Male,165,Bone Crushing Silver Skewer,4.86,,,Saelaephos52,,Bloodlord's Fetish,,
15,Lisassa64,21,Female,98,"Deadline, Voice Of Subtlety",2.89,,,Assjaskan73,,Bone Crushing Silver Skewer,,
16,Lisirra25,20,Male,40,Second Chance,2.52,,,Saesrideu94,,"Deadline, Voice Of Subtlety",,
17,Zontibe81,21,Male,161,Devine,1.76,,,Lisassa64,,Second Chance,,
18,Reunasu60,22,Female,82,Nirvana,4.9,,,Lisirra25,,Devine,,
19,Chamalo71,30,Male,89,"Blazefury, Protector of Delusions",4.64,,,Zontibe81,,Nirvana,,
20,Iathenudil29,20,Male,57,"Despair, Favor of Due Diligence",4.6,,,Reunasu60,,"Blazefury, Protector of Delusions",,
21,Phiarithdeu40,20,Male,168,"Sun Strike, Jaws of Twisted Visions",1.48,,,Chamalo71,,"Despair, Favor of Due Diligence",,
22,Siarithria38,38,Other / Non-Disclosed,24,Warped Fetish,3.81,,,Iathenudil29,,"Sun Strike, Jaws of Twisted Visions",,
23,Eyrian71,40,Male,151,Severance,3.4,,,Phiarithdeu40,,Warped Fetish,,
24,Siala43,30,Male,132,Persuasion,3.19,,,Siarithria38,,Severance,,
25,Lisirra87,29,Male,178,"Oathbreaker, Last Hope of the Breaking Storm",4.23,,,Eyrian71,,Persuasion,,
26,Lirtossa84,11,Male,71,Demise,1.61,,,Siala43,,"Oathbreaker, Last Hope of the Breaking Storm",,
27,Eusri44,7,Male,96,Blood-Forged Skeletal Spine,3.09,,,Lisirra87,,Demise,,
28,Aela59,21,Male,119,"Stormbringer, Dark Blade of Ending Misery",4.32,,,Lirtossa84,,Blood-Forged Skeletal Spine,,
29,Tyida79,24,Male,37,"Shadow Strike, Glory of Ending Hope",3.16,,,Eusri44,,"Stormbringer, Dark Blade of Ending Misery",,
30,Idai61,19,Male,140,Striker,2.94,,,Aela59,,"Shadow Strike, Glory of Ending Hope",,
31,Farusrian86,37,Male,179,"Wolf, Promise of the Moonwalker",4.48,,,Tyida79,,Striker,,
32,Aeralria27,10,Male,133,Faith's Scimitar,4.09,,,Idai61,,"Wolf, Promise of the Moonwalker",,
33,Haillyrgue51,7,Male,44,Bonecarvin Battle Axe,2.38,,,Farusrian86,,Faith's Scimitar,,
34,Sondim73,19,Male,160,Azurewrath,4.4,,,Aeralria27,,Bonecarvin Battle Axe,,
35,Jeyciman68,22,Male,53,Vengeance Cleaver,2.05,,,Haillyrgue51,,Azurewrath,,
36,Idaisuir85,30,Male,76,Haunted Bronzed Bludgeon,3.15,,,Sondim73,,Vengeance Cleaver,,
37,Seuthep89,8,Male,73,Ritual Mace,2.05,,,Jeyciman68,,Haunted Bronzed Bludgeon,,
38,Reulae52,10,Female,116,Renewed Skeletal Katana,4.18,,,Idaisuir85,,Ritual Mace,,
39,Sondilsaya62,21,Male,172,Blade of the Grave,3.14,,,Seuthep89,,Blade of the Grave,,
40,Aerithriaphos45,20,Male,143,Frenzied Scimitar,1.56,,,Reulae52,,"Thorn, Satchel of Dark Souls",,
41,Assosia88,20,Female,7,"Thorn, Satchel of Dark Souls",1.33,,,Sondilsaya62,,Winter's Bite,,
42,Aidaillodeu39,18,Male,72,Winter's Bite,3.77,,,Aerithriaphos45,,"Thorn, Conqueror of the Corrupted",,
43,Aelly27,24,Male,116,Renewed Skeletal Katana,4.18,,,Assosia88,,Reaper's Toll,,
44,Tyeosri53,24,Male,9,"Thorn, Conqueror of the Corrupted",2.73,,,Aidaillodeu39,,Avenger,,
45,Haerith37,23,Male,181,Reaper's Toll,1.66,,,Aelly27,,Shadowsteel,,
46,Yasrisu92,27,Male,102,Avenger,3.44,,,Tyeosri53,,"Peacekeeper, Wit of Dark Magic",,
47,Chanuchi25,20,Male,170,Shadowsteel,3.97,,,Haerith37,,Suspension,,
48,Asur96,20,Male,138,"Peacekeeper, Wit of Dark Magic",4.74,,,Yasrisu92,,Amnesia,,
49,Iaralrgue74,33,Male,110,Suspension,1.44,,,Chanuchi25,,Soul Infused Crystal,,
50,Saelaephos52,21,Male,22,Amnesia,2.18,,,Asur96,,Wolf,,
51,Chanosia34,22,Male,15,Soul Infused Crystal,2.96,,,Iaralrgue74,,Relentless Iron Skewer,,
52,Aelin32,20,Male,60,Wolf,3.54,,,Chanosia34,,Hero Cane,,
53,Ilosianya35,32,Male,176,Relentless Iron Skewer,2.84,,,Aelin32,,Arcane Gem,,
54,Zhisrisu83,10,Male,25,Hero Cane,4.35,,,Ilosianya35,,Dreamsong,,
55,Phaelap26,25,Female,84,Arcane Gem,3.79,,,Zhisrisu83,,Darkheart,,
56,Raesty92,12,Male,108,"Extraction, Quickblade Of Trembling Hands",3.53,,,Phaelap26,,Hailstorm Shadowsteel Scythe,,
57,Palyon91,21,Male,80,Dreamsong,3.39,,,Raesty92,,Whistling Mithril Warblade,,
58,Tyisur83,23,Male,152,Darkheart,1.74,,,Palyon91,,Foul Titanium Battle Axe,,
59,Yaliru88,19,Male,105,Hailstorm Shadowsteel Scythe,3.03,,,Tyisur83,,Retribution Axe,,
60,Yadanu52,34,Male,44,Bonecarvin Battle Axe,2.38,,,Yaliru88,,Rusty Skull,,
61,Jiskimya77,17,Male,178,"Oathbreaker, Last Hope of the Breaking Storm",4.23,,,Yadanu52,,"Riddle, Tribute of Ended Dreams",,
62,Yadaphos40,30,Male,178,"Oathbreaker, Last Hope of the Breaking Storm",4.23,,,Jiskimya77,,"Chaos, Ender of the End",,
63,Alo38,20,Male,125,Whistling Mithril Warblade,1,,,Yadaphos40,,"Storm-Weaver, Slayer of Inception",,
64,Phaena87,20,Male,56,Foul Titanium Battle Axe,2.92,,,Alo38,,Venom Claymore,,
65,Chamirraya83,25,Male,34,Retribution Axe,2.22,,,Phaena87,,"Emberling, Defender of Delusions",,
66,Chanastsda67,21,Female,6,Rusty Skull,3.7,,,Chamirraya83,,Netherbane,,
67,Lisim78,20,Male,138,"Peacekeeper, Wit of Dark Magic",4.74,,,Chanastsda67,,Dawn,,
68,Indonmol95,15,Male,27,"Riddle, Tribute of Ended Dreams",3.3,,,Indonmol95,,Primitive Blade,,
69,Jiskossa61,24,Male,37,"Shadow Strike, Glory of Ending Hope",3.16,,,Jiskossa61,,Dawne,,
70,Pheodai94,29,Male,143,Frenzied Scimitar,1.56,,,Pheodai94,,Curved Axe,,
71,Hari50,20,Female,29,"Chaos, Ender of the End",1.98,,,Hari50,,"Fate, Vengeance of Eternal Justice",,
72,Marilsa69,25,Female,178,"Oathbreaker, Last Hope of the Breaking Storm",4.23,,,Marilsa69,,"Lazarus, Terror of the Earth",,
73,Assistasda42,21,Male,68,"Storm-Weaver, Slayer of Inception",4.32,,,Assistasda42,,"Lightning, Etcher of the King",,
74,Lisosia93,25,Male,89,"Blazefury, Protector of Delusions",4.64,,,Lisosia93,,"Betrayal, Whisper of Grieving Widows",,
75,Philodil43,33,Male,124,Venom Claymore,1.29,,,Philodil43,,Exiled Doomblade,,
76,Mindadaran26,13,Female,88,"Emberling, Defender of Delusions",3.75,,,Mindadaran26,,Undead Crusader,,
77,Lirtosia63,34,Male,20,Netherbane,3.27,,,Lirtosia63,,"Downfall, Scalpel Of The Emperor",,
78,Haillyrgue51,7,Male,50,Dawn,4.6,,,Assjaskan56,,Sleepwalker,,
79,Assjaskan56,26,Male,15,Soul Infused Crystal,2.96,,,Irithlis29,,Eternal Cleaver,,
80,Irithlis29,23,Male,165,Bone Crushing Silver Skewer,4.86,,,Heudai45,,"Expiration, Warscythe Of Lost Worlds",,
81,Heudai45,8,Female,174,Primitive Blade,3.47,,,Haerithp41,,Malificent Bag,,
82,Haerithp41,16,Other / Non-Disclosed,160,Azurewrath,4.4,,,Aina42,,"Mercy, Katana of Dismay",,
83,Aina42,25,Male,12,Dawne,1.02,,,Jiskjask60,,Orbit,,
84,Jiskjask60,21,Female,34,Retribution Axe,2.22,,,Umolrian85,,Deathraze,,
85,Umolrian85,32,Female,33,Curved Axe,1.16,,,Qarirwen82,,Serenity,,
86,Qarirwen82,33,Male,129,"Fate, Vengeance of Eternal Justice",1.54,,,Laedallo55,,"Heartstriker, Legacy of the Light",,
87,Aelin32,20,Male,151,Severance,3.4,,,Eoralrap26,,"Glimmer, Ender of the Moon",,
88,Laedallo55,30,Male,82,Nirvana,4.9,,,Undosian34,,"Deluge, Edge of the West",,
89,Eoralrap26,22,Male,17,"Lazarus, Terror of the Earth",1.7,,,Chadolyla44,,Crucifer,,
90,Undosian34,21,Male,60,Wolf,3.54,,,Chadistaya75,,Piece Maker,,
91,Chadolyla44,20,Male,59,"Lightning, Etcher of the King",4.23,,,Yathedeu43,,Brutality Ivory Warmace,,
92,Chadistaya75,21,Female,39,"Betrayal, Whisper of Grieving Widows",3.94,,,Aina43,,"Freak's Bite, Favor of Holy Might",,
93,Yathedeu43,22,Male,88,"Emberling, Defender of Delusions",3.75,,,Ilassast39,,Yearning Crusher,,
94,Aina43,19,Male,96,Blood-Forged Skeletal Spine,3.09,,,Lisassala98,,Agatha,,
95,Ilassast39,18,Male,164,Exiled Doomblade,1.63,,,Aiduecal76,,Fiery Glass Crusader,,
96,Lisassala98,16,Male,56,Foul Titanium Battle Axe,2.92,,,Chadossa89,,Splinter,,
97,Aiduecal76,20,Male,134,Undead Crusader,4.5,,,Pheodaisun84,,Verdict,,
98,Chadossa89,23,Male,132,Persuasion,3.19,,,Heollyriap59,,Warped Iron Scimitar,,
99,Haisrisuir60,23,Male,92,Final Critic,4.19,,,Maropast28,,"Darkheart, Butcher of the Champion",,
100,Pheodaisun84,30,Male,12,Dawne,1.02,,,Frichim77,,"Purgatory, Gem of Regret",,
101,Heollyriap59,21,Male,174,Primitive Blade,3.47,,,Thryallym62,,Woeful Adamantite Claymore,,
102,Maropast28,24,Male,109,"Downfall, Scalpel Of The Emperor",4.76,,,Eulanurin88,,Hopeless Ebon Dualblade,,
103,Frichim77,24,Male,7,"Thorn, Satchel of Dark Souls",1.33,,,Lassjaskan73,,"Warmonger, Gift of Suffering's End",,
104,Thryallym62,24,Male,53,Vengeance Cleaver,2.05,,,Tyaerith73,,Misery's End,,
105,Eulanurin88,27,Male,10,Sleepwalker,1.79,,,Sondadarya58,,Phantomlight,,
106,Lassjaskan73,22,Male,54,Eternal Cleaver,2.5,,,Hirirap39,,Conqueror Adamantite Mace,,
107,Tyaerith73,36,Male,99,"Expiration, Warscythe Of Lost Worlds",1.71,,,Ririp86,,Dragon's Greatsword,,
108,Sondadarya58,19,Male,85,Malificent Bag,1.75,,,Sundim98,,Stormcaller,,
109,Hirirap39,22,Male,33,Curved Axe,1.16,,,Iskichinya81,,"Spada, Etcher of Hatred",,
110,Ririp86,25,Male,139,"Mercy, Katana of Dismay",4.94,,,Phyali88,,Twilight's Carver,,
111,Sundim98,21,Other / Non-Disclosed,41,Orbit,4.75,,,Undirrala66,,Putrid Fan,,
112,Iskichinya81,21,Female,7,"Thorn, Satchel of Dark Souls",1.33,,,Nitherian58,,Blood Infused Guardian,,
113,Phyali88,15,Female,140,Striker,2.94,,,Lassilsala30,,Singed Scalpel,,
114,Undirrala66,22,Male,150,Deathraze,2.85,,,Frichaststa61,,Warped Diamond Crusader,,
115,Nitherian58,28,Male,13,Serenity,1.41,,,Frichosia58,,Endbringer,,
116,Lassilsala30,21,Male,139,"Mercy, Katana of Dismay",4.94,,,Ilosia37,,Feral Katana,,
117,Frichaststa61,21,Female,117,"Heartstriker, Legacy of the Light",1.79,,,Lisista27,,Orenmir,,
118,Pheodaisun84,30,Male,78,"Glimmer, Ender of the Moon",4.4,,,Seudaillorap38,,"Piety, Guardian of Riddles",,
119,Frichosia58,15,Female,87,"Deluge, Edge of the West",4.43,,,Aesty53,,Brimstone,,
120,Lisosia93,25,Male,24,Warped Fetish,3.81,,,Yathecal82,,Stormfury Mace,,
121,Ilosia37,23,Male,1,Crucifer,3.26,,,Lisossanya98,,"Frenzy, Defender of the Harvest",,
122,Lisista27,16,Male,174,Primitive Blade,3.47,,,Iral74,,Solitude's Reaver,,
123,Seudaillorap38,27,Male,81,Dreamkiss,3.61,,,Lisast87,,Mercenary Sabre,,
124,Aesty53,21,Male,150,Deathraze,2.85,,,Maridisya31,,Yearning Mageblade,,
125,Yathecal82,20,Female,62,Piece Maker,1.87,,,Jiskassa76,,"Tranquility, Razor of Black Magic",,
126,Frichim77,24,Male,75,Brutality Ivory Warmace,2.42,,,Ethriel85,,"Oathbreaker, Spellblade of Trials",,
127,Lisossanya98,37,Male,102,Avenger,3.44,,,Iskirra45,,"Aetherius, Boon of the Blessed",,
128,Iral74,21,Male,58,"Freak's Bite, Favor of Holy Might",4.14,,,Iri67,,Righteous Might,,
129,Lisast87,19,Male,74,Yearning Crusher,4.18,,,Rarallo90,,Victor Iron Spikes,,
130,Maridisya31,25,Male,120,Agatha,3.08,,,Lisasi93,,"Swan Song, Gouger Of Terror",,
131,Jiskassa76,22,Male,62,Piece Maker,1.87,,,Adastirin33,,Thunderfury Scimitar,,
132,Inguron55,23,Male,145,Fiery Glass Crusader,4.58,,,Eyista89,,"Splitter, Foe Of Subtlety",,
133,Phaena87,20,Male,0,Splinter,1.28,,,Ili43,,Restored Bauble,,
134,Phyali88,15,Female,2,Verdict,2.48,,,Chamirra53,,The Decapitator,,
135,Ethriel85,30,Male,146,Warped Iron Scimitar,3.1,,,Hailaphos89,,"Pursuit, Cudgel of Necromancy",,
136,Iskirra45,22,Male,105,Hailstorm Shadowsteel Scythe,3.03,,,Iskadarya95,,Lifebender,,
137,Iri67,20,Male,179,"Wolf, Promise of the Moonwalker",4.48,,,Qilatista90,,"Flux, Destroyer of Due Diligence",,
138,Rarallo90,33,Male,136,Ghastly Adamantite Protector,3.58,,,Inasti31,,Mourning Blade,,
139,Lisasi93,13,Male,158,"Darkheart, Butcher of the Champion",2.45,,,Marilsanya48,,Toothpick,,
140,Hari50,20,Female,8,"Purgatory, Gem of Regret",3.93,,,Marjask87,,Hope's End,,
141,Zhisrisu83,10,Male,60,Wolf,3.54,,,Chanjaskan89,,"Torchlight, Bond of Storms",,
142,Adastirin33,35,Female,175,Woeful Adamantite Claymore,4.48,,,Hyaduesu61,,Thirsty Iron Reaver,,
143,Eyista89,34,Male,124,Venom Claymore,1.29,,,Aillyrin83,,Stormfury Longsword,,
144,Ili43,18,Male,22,Amnesia,2.18,,,Marast30,,"Malice, Legacy of the Queen",,
145,Chamirra53,23,Male,46,Hopeless Ebon Dualblade,1.33,,,Sundadar27,,War-Forged Gold Deflector,,
146,Aidaillodeu39,18,Male,133,Faith's Scimitar,4.09,,,Tyaelorap29,,"Blazeguard, Reach of Eternity",,
147,Hailaphos89,35,Male,24,Warped Fetish,3.81,,,Lirtimst73,,Soul-Forged Steel Shortsword,,
148,Iskadarya95,20,Male,148,"Warmonger, Gift of Suffering's End",4.03,,,Styaduen40,,"Hellreaver, Heirloom of Inception",,
149,Qilatista90,17,Male,161,Devine,1.76,,,Sidap51,,Heartless Bone Dualblade,,
150,Inasti31,17,Male,0,Splinter,1.28,,,Chanastst38,,Scalpel,,
151,Marilsanya48,25,Male,105,Hailstorm Shadowsteel Scythe,3.03,,,Lirtassa52,,Hatred,,
152,Marjask87,20,Male,110,Suspension,1.44,,,Sondim68,,Crying Steel Sickle,,
153,Chanjaskan89,21,Male,164,Exiled Doomblade,1.63,,,Aeral97,,"The Void, Vengeance of Dark Magic",,
154,Hyaduesu61,20,Male,59,"Lightning, Etcher of the King",4.23,,,Heosurnuru52,,Celeste,,
155,Aillyrin83,10,Female,98,"Deadline, Voice Of Subtlety",2.89,,,Lisopela58,,"Ghost Reaver, Longsword of Magic",,
156,Eyrian71,40,Male,117,"Heartstriker, Legacy of the Light",1.79,,,Caesrinusuir82,,"Celeste, Incarnation of the Corrupted",,
157,Marast30,18,Female,108,"Extraction, Quickblade Of Trembling Hands",3.53,,,Tyirinu79,,Glinting Glass Edge,,
158,Sundadar27,31,Male,111,Misery's End,4.89,,,Fironon91,,"The Oculus, Token of Lost Worlds",,
159,Tyaelorap29,25,Male,39,"Betrayal, Whisper of Grieving Widows",3.94,,,Lassjask63,,Massacre,,
160,Lirtimst73,24,Male,44,Bonecarvin Battle Axe,2.38,,,Indcil77,,"Alpha, Oath of Zeal",,
161,Iri67,20,Male,3,Phantomlight,2.49,,,Chamimla73,,Possessed Core,,
162,Styaduen40,17,Male,181,Reaper's Toll,1.66,,,Syathe73,,Foul Edge,,
163,Sidap51,11,Male,65,Conqueror Adamantite Mace,4.24,,,Baelollodeu94,,Trickster,,
164,Chanastst38,22,Male,96,Blood-Forged Skeletal Spine,3.09,,,Mindista32,,Fusion Pummel,,
165,Lirtassa52,15,Male,183,Dragon's Greatsword,1.09,,,Saena74,,Stormfury Lantern,,
166,Sondim68,22,Female,30,Stormcaller,2.21,,,Marirrasta50,,Apocalyptic Battlescythe,,
167,Aeral97,23,Male,157,"Spada, Etcher of Hatred",4.8,,,Lamil79,,Unholy Wand,,
168,Iskjaskst81,20,Male,85,Malificent Bag,1.75,,,Aenarap34,,Unending Tyranny,,
169,Heosurnuru52,16,Female,123,Twilight's Carver,2.28,,,Aisur51,,Ragnarok,,
170,Lisopela58,22,Male,75,Brutality Ivory Warmace,2.42,,,Thrientossa55,,"Rage, Legacy of the Lone Victor",,
171,Caesrinusuir82,30,Male,102,Avenger,3.44,,,Chadista79,,Worldbreaker,,
172,Tyirinu79,21,Male,65,Conqueror Adamantite Mace,4.24,,,Tyeurith29,,Exiled Mithril Longsword,,
173,Fironon91,30,Male,5,Putrid Fan,4.08,,,Malunil62,,Spectral Diamond Doomblade,,
174,Lassjask63,30,Male,144,Blood Infused Guardian,1.94,,,Hiasri33,,Vindictive Glass Edge,,
175,Indcil77,17,Male,103,Singed Scalpel,4.35,,,Lisadar44,,"Heartseeker, Reaver of Souls",,
176,Chamimla73,17,Male,157,"Spada, Etcher of Hatred",4.8,,,Frichjask31,,"Alpha, Reach of Ending Hope",,
177,Syathe73,30,Female,135,Warped Diamond Crusader,1.4,,,Lisjaskya84,,Alpha,,
178,Baelollodeu94,20,Female,57,"Despair, Favor of Due Diligence",4.6,,,Ristydru66,,Betrayer,,
179,Mindista32,24,Male,59,"Lightning, Etcher of the King",4.23,,,Frichast28,,"Winterthorn, Defender of Shifting Worlds",,
180,Saena74,24,Male,95,Singed Onyx Warscythe,4.74,,,Minduri31,,Gladiator's Glaive,,
181,Marirrasta50,16,Male,51,Endbringer,4.66,,,Maradaran90,,,,
182,Lamil79,38,Male,154,Feral Katana,4.4,,,Mindetosya30,,,,
183,Aenarap34,21,Male,15,Soul Infused Crystal,2.96,,,Ialallo29,,,,
184,Aisur51,28,Male,32,Orenmir,1.14,,,Pheusrical25,,,,
185,Thrientossa55,20,Male,150,Deathraze,2.85,,,Chanosia60,,,,
186,Chadista79,30,Male,77,"Piety, Guardian of Riddles",4,,,Phistym51,,,,
187,Tyeurith29,8,Male,11,Brimstone,3.65,,,Aelollo59,,,,
188,Malunil62,18,Male,88,"Emberling, Defender of Delusions",3.75,,,Chamimla85,,,,
189,Hiasri33,23,Male,63,Stormfury Mace,4.99,,,Haisurra41,,,,
190,Lisadar44,27,Male,69,"Frenzy, Defender of the Harvest",1.98,,,Sondastsda82,,,,
191,Frichjask31,23,Male,87,"Deluge, Edge of the West",4.43,,,Qilanrion65,,,,
192,Lisjaskya84,25,Male,98,"Deadline, Voice Of Subtlety",2.89,,,Eulasuir89,,,,
193,Ristydru66,27,Male,62,Piece Maker,1.87,,,Eosrirgue62,,,,
194,Frichast28,20,Male,73,Ritual Mace,2.05,,,Shaidanu32,,,,
195,Minduri31,39,Male,113,Solitude's Reaver,4.07,,,Lirtastan49,,,,
196,Maradaran90,35,Female,9,"Thorn, Conqueror of the Corrupted",2.73,,,Iaralsuir44,,,,
197,Mindetosya30,24,Male,37,"Shadow Strike, Glory of Ending Hope",3.16,,,Tyeudariasuir90,,,,
198,Chadolyla44,20,Male,153,Mercenary Sabre,3.74,,,Cosadar58,,,,
199,Ialallo29,15,Female,138,"Peacekeeper, Wit of Dark Magic",4.74,,,Aelastirin39,,,,
200,Pheusrical25,23,Male,114,Yearning Mageblade,3.82,,,Aidai53,,,,
201,Chanosia60,31,Male,2,Verdict,2.48,,,Jiskjask85,,,,
202,Phistym51,37,Male,82,Nirvana,4.9,,,Ealrion88,,,,
203,Aelollo59,33,Male,3,Phantomlight,2.49,,,Chamjask73,,,,
204,Chamimla85,16,Male,0,Splinter,1.28,,,Tyaenasti87,,,,
205,Jiskimya77,17,Male,149,"Tranquility, Razor of Black Magic",1.75,,,Alim85,,,,
206,Haisurra41,20,Female,78,"Glimmer, Ender of the Moon",4.4,,,Haeladil46,,,,
207,Sondastsda82,24,Male,145,Fiery Glass Crusader,4.58,,,Jiskirran77,,,,
208,Qilanrion65,37,Male,105,Hailstorm Shadowsteel Scythe,3.03,,,Undosia27,,,,
209,Eulasuir89,22,Male,162,Abyssal Shard,2.67,,,Peorith44,,,,
210,Umolrian85,32,Female,136,Ghastly Adamantite Protector,3.58,,,Yarithsurgue62,,,,
211,Eosrirgue62,17,Male,120,Agatha,3.08,,,Taeduenu92,,,,
212,Shaidanu32,23,Male,159,"Oathbreaker, Spellblade of Trials",3.08,,,Rairin89,,,,
213,Lirtastan49,29,Male,2,Verdict,2.48,,,Aerithriaphos46,,,,
214,Iaralsuir44,23,Male,137,"Aetherius, Boon of the Blessed",3.39,,,Idairin51,,,,
215,Ialallo29,15,Female,40,Second Chance,2.52,,,Lisista54,,,,
216,Tyeudariasuir90,21,Male,136,Ghastly Adamantite Protector,3.58,,,Eodailis27,,,,
217,Cosadar58,38,Male,25,Hero Cane,4.35,,,Lirtastsda29,,,,
218,Aelastirin39,23,Male,76,Haunted Bronzed Bludgeon,3.15,,,Undilsan50,,,,
219,Aidai53,19,Male,57,"Despair, Favor of Due Diligence",4.6,,,Eodaisu60,,,,
220,Jiskjask85,40,Male,46,Hopeless Ebon Dualblade,1.33,,,Quaranmol58,,,,
221,Ealrion88,30,Male,175,Woeful Adamantite Claymore,4.48,,,Lirtossa60,,,,
222,Chamjask73,22,Female,178,"Oathbreaker, Last Hope of the Breaking Storm",4.23,,,Lirtilsa71,,,,
223,Undirrala66,22,Male,142,Righteous Might,2.62,,,Isursuir31,,,,
224,Lisosia93,25,Male,157,"Spada, Etcher of Hatred",4.8,,,Sundirrala66,,,,
225,Tyaenasti87,24,Female,154,Feral Katana,4.4,,,Saerallora71,,,,
226,Alim85,25,Male,54,Eternal Cleaver,2.5,,,Iasur80,,,,
227,Haeladil46,18,Male,24,Warped Fetish,3.81,,,Tyaelo67,,,,
228,Jiskirran77,20,Other / Non-Disclosed,80,Dreamsong,3.39,,,Quanunwen42,,,,
229,Undosia27,17,Male,72,Winter's Bite,3.77,,,Yasur35,,,,
230,Peorith44,24,Male,102,Avenger,3.44,,,Assehoan67,,,,
231,Yarithsurgue62,26,Male,139,"Mercy, Katana of Dismay",4.94,,,Haellysu29,,,,
232,Sundadar27,31,Male,114,Yearning Mageblade,3.82,,,Saida58,,,,
233,Taeduenu92,19,Female,66,Victor Iron Spikes,4.4,,,Chamadar79,,,,
234,Chamimla85,16,Male,97,"Swan Song, Gouger Of Terror",2.5,,,Aeral43,,,,
235,Rairin89,24,Male,163,Thunderfury Scimitar,3.45,,,Lirtirra37,,,,
236,Aerithriaphos46,16,Male,107,"Splitter, Foe Of Subtlety",2.18,,,Tyidaim51,,,,
237,Idairin51,20,Other / Non-Disclosed,16,Restored Bauble,3.55,,,Lassassast73,,,,
238,Lisista54,21,Male,42,The Decapitator,1.75,,,Assassasta79,,,,
239,Eodailis27,30,Male,19,"Pursuit, Cudgel of Necromancy",1.02,,,Heollyra92,,,,
240,Lirtastsda29,16,Male,82,Nirvana,4.9,,,Anallorgue57,,,,
241,Undilsan50,22,Male,10,Sleepwalker,1.79,,,Aerithllora36,,,,
242,Eodaisu60,16,Other / Non-Disclosed,39,"Betrayal, Whisper of Grieving Widows",3.94,,,Smaistysu35,,,,
243,Quaranmol58,24,Male,83,Lifebender,3.33,,,Ennalmol65,,,,
244,Lirtossa60,24,Male,37,"Shadow Strike, Glory of Ending Hope",3.16,,,Yarithrgue83,,,,
245,Lisim78,20,Male,85,Malificent Bag,1.75,,,Yana46,,,,
246,Lirtilsa71,24,Male,139,"Mercy, Katana of Dismay",4.94,,,Sondimla25,,,,
247,Iskadarya95,20,Male,82,Nirvana,4.9,,,Aidai61,,,,
248,Isursuir31,44,Male,137,"Aetherius, Boon of the Blessed",3.39,,,Wailin72,,,,
249,Sundirrala66,20,Male,16,Restored Bauble,3.55,,,Firan91,,,,
250,Saerallora71,23,Male,87,"Deluge, Edge of the West",4.43,,,Alaesu91,,,,
251,Iasur80,22,Male,1,Crucifer,1.99,,,Aellynun67,,,,
252,Tyaelo67,39,Male,92,Final Critic,4.88,,,Rilaera56,,,,
253,Aesty53,21,Male,28,"Flux, Destroyer of Due Diligence",1.06,,,Eulaestira36,,,,
254,Quanunwen42,23,Female,94,Mourning Blade,3.49,,,Marim28,,,,
255,Sondastsda82,24,Male,71,Demise,1.61,,,Idastidru52,,,,
256,Chamirra53,23,Male,182,Toothpick,4.03,,,Ilirrasda54,,,,
257,Yasur35,26,Male,175,Woeful Adamantite Claymore,4.48,,,Alaephos75,,,,
258,Assehoan67,26,Male,149,"Tranquility, Razor of Black Magic",1.75,,,Syalollorap93,,,,
259,Haellysu29,20,Male,72,Winter's Bite,3.77,,,Minduli80,,,,
260,Saida58,16,Male,70,Hope's End,1.03,,,Chanastya70,,,,
261,Tyeosri53,24,Male,132,Persuasion,3.19,,,Frichadaran88,,,,
262,Chamadar79,15,Male,172,Blade of the Grave,3.14,,,Siallylis44,,,,
263,Aeral43,24,Male,78,"Glimmer, Ender of the Moon",4.4,,,Aeri84,,,,
264,Saesrideu94,35,Male,119,"Stormbringer, Dark Blade of Ending Misery",4.32,,,Iasursti71,,,,
265,Lirtirra37,25,Male,172,Blade of the Grave,3.14,,,Mindilsa34,,,,
266,Siala43,30,Male,113,Solitude's Reaver,4.07,,,Chamastya76,,,,
267,Tyidaim51,16,Female,41,Orbit,4.75,,,Undirra73,,,,
268,Inasti31,17,Male,71,Demise,1.61,,,Aestysu37,,,,
269,Lassassast73,15,Male,18,"Torchlight, Bond of Storms",4.65,,,Chadadarla74,,,,
270,Assassasta79,38,Male,85,Malificent Bag,1.75,,,Strithenu87,,,,
271,Heollyra92,22,Male,166,Thirsty Iron Reaver,3.07,,,Iasrira89,,,,
272,Anallorgue57,8,Male,133,Faith's Scimitar,4.09,,,Ialidru40,,,,
273,Phyali88,15,Female,92,Final Critic,4.88,,,Tyalaesu89,,,,
274,Aerithllora36,29,Female,82,Nirvana,4.9,,,Tyidainu31,,,,
275,Smaistysu35,30,Male,173,Stormfury Longsword,4.93,,,Lirtilsa72,,,,
276,Tyidaim51,16,Female,9,"Thorn, Conqueror of the Corrupted",2.73,,,Undjaskla97,,,,
277,Ennalmol65,24,Male,92,Final Critic,4.88,,,Saedaiphos46,,,,
278,Iskichinya81,21,Female,167,"Malice, Legacy of the Queen",3.61,,,Aerithnucal56,,,,
279,Yarithrgue83,20,Male,163,Thunderfury Scimitar,3.45,,,Lisossa46,,,,
280,Yana46,20,Female,16,Restored Bauble,3.55,,,Layjask75,,,,
281,Sondimla25,19,Male,68,"Storm-Weaver, Slayer of Inception",4.32,,,Lisista63,,,,
282,Aidai61,21,Male,155,War-Forged Gold Deflector,1.01,,,Ceoral34,,,,
283,Wailin72,21,Female,9,"Thorn, Conqueror of the Corrupted",2.73,,,Hilaerin92,,,,
284,Firan91,24,Male,128,"Blazeguard, Reach of Eternity",4.91,,,Chadilsasta32,,,,
285,Alaesu91,26,Male,163,Thunderfury Scimitar,3.45,,,Undassa89,,,,
286,Aellynun67,25,Male,153,Mercenary Sabre,3.74,,,Iduenu77,,,,
287,Rilaera56,20,Male,5,Putrid Fan,4.08,,,Lisosia66,,,,
288,Eulaestira36,18,Male,156,Soul-Forged Steel Shortsword,1.77,,,Undimsya85,,,,
289,Marim28,25,Female,83,Lifebender,3.33,,,Phaedue89,,,,
290,Idastidru52,24,Male,147,"Hellreaver, Heirloom of Inception",4.93,,,Yadacal26,,,,
291,Idairin51,20,Other / Non-Disclosed,35,Heartless Bone Dualblade,3.45,,,Lisossa25,,,,
292,Lisasi93,13,Male,70,Hope's End,1.03,,,Ilmol66,,,,
293,Lisopela58,22,Male,117,"Heartstriker, Legacy of the Light",1.79,,,Yastyriaphos75,,,,
294,Ilirrasda54,37,Male,171,Scalpel,1.79,,,Hiasurria41,,,,
295,Alaephos75,23,Male,52,Hatred,4.84,,,Palatyon26,,,,
296,Syalollorap93,22,Female,65,Conqueror Adamantite Mace,4.24,,,Qilalista41,,,,
297,Heosurnuru52,16,Female,169,"Interrogator, Blood Blade of the Queen",2.18,,,Hada39,,,,
298,Minduli80,25,Male,110,Suspension,1.44,,,Chamilsala65,,,,
299,Lirtossa84,11,Male,164,Exiled Doomblade,1.63,,,Rairith81,,,,
300,Chanastya70,22,Male,136,Ghastly Adamantite Protector,3.58,,,Ilarin91,,,,
301,Frichadaran88,25,Male,106,Crying Steel Sickle,3.41,,,Ryanara76,,,,
302,Siallylis44,20,Male,4,Bloodlord's Fetish,1.7,,,Undista85,,,,
303,Aeri84,24,Male,71,Demise,1.61,,,Tyeoralru41,,,,
304,Iasursti71,24,Male,181,Reaper's Toll,1.66,,,Pheosrinudeu70,,,,
305,Siallylis44,20,Male,179,"Wolf, Promise of the Moonwalker",4.48,,,Heuli25,,,,
306,Mindilsa34,24,Female,38,"The Void, Vengeance of Dark Magic",2.37,,,Pheutherin27,,,,
307,Chamastya76,34,Male,53,Vengeance Cleaver,2.05,,,Chadirra90,,,,
308,Undirra73,34,Male,98,"Deadline, Voice Of Subtlety",2.89,,,Ali84,,,,
309,Aestysu37,25,Male,170,Shadowsteel,3.97,,,Frichjaskan98,,,,
310,Chadadarla74,30,Male,117,"Heartstriker, Legacy of the Light",1.79,,,Malil90,,,,
311,Anallorgue57,8,Male,71,Demise,1.61,,,Yarithllodeu72,,,,
312,Strithenu87,20,Male,147,"Hellreaver, Heirloom of Inception",4.93,,,Tyaedainu44,,,,
313,Iasrira89,23,Male,182,Toothpick,4.03,,,Ethron58,,,,
314,Ialidru40,24,Male,37,"Shadow Strike, Glory of Ending Hope",3.16,,,Eusurdeu49,,,,
315,Tyisur83,23,Male,107,"Splitter, Foe Of Subtlety",2.18,,,Saistyphos30,,,,
316,Tyalaesu89,25,Male,15,Soul Infused Crystal,2.96,,,Saisrilis27,,,,
317,Tyidainu31,18,Female,3,Phantomlight,2.49,,,Hallysucal81,,,,
318,Iskadarya95,20,Male,91,Celeste,4.17,,,Ilimya66,,,,
319,Rarallo90,33,Male,144,Blood Infused Guardian,1.94,,,Raysistast71,,,,
320,Lirtilsa72,24,Male,77,"Piety, Guardian of Riddles",4,,,Haedairiadru51,,,,
321,Undjaskla97,33,Male,118,"Ghost Reaver, Longsword of Magic",2.17,,,Tyananurgue44,,,,
322,Saedaiphos46,18,Male,37,"Shadow Strike, Glory of Ending Hope",3.16,,,Risty84,,,,
323,Tyisur83,23,Male,131,Fury,1.44,,,Aerillorin70,,,,
324,Aerithnucal56,15,Male,154,Feral Katana,4.4,,,Phistyn52,,,,
325,Hiasri33,23,Male,54,Eternal Cleaver,2.5,,,Yalo85,,,,
326,Lisossa46,25,Male,54,Eternal Cleaver,2.5,,,Chamirrasya33,,,,
327,Layjask75,22,Female,17,"Lazarus, Terror of the Earth",1.7,,,Hiral75,,,,
328,Lisista63,17,Male,152,Darkheart,1.74,,,Isursti83,,,,
329,Ceoral34,20,Male,145,Fiery Glass Crusader,4.58,,,Bartassaya73,,,,
330,Hilaerin92,23,Male,167,"Malice, Legacy of the Queen",3.61,,,Aeda94,,,,
331,Chadilsasta32,23,Male,7,"Thorn, Satchel of Dark Souls",1.33,,,Quinarap53,,,,
332,Undassa89,25,Male,161,Devine,1.76,,,Asur53,,,,
333,Iduenu77,17,Female,114,Yearning Mageblade,3.82,,,Alarap40,,,,
334,Lisosia66,21,Male,11,Brimstone,3.65,,,Sida61,,,,
335,Undimsya85,33,Male,67,"Celeste, Incarnation of the Corrupted",3.46,,,Hiarideu73,,,,
336,Phaedue89,22,Female,45,Glinting Glass Edge,3.85,,,Lassassasda30,,,,
337,Yadacal26,15,Male,17,"Lazarus, Terror of the Earth",1.7,,,Ennoncil86,,,,
338,Lisossa25,22,Male,13,Serenity,1.41,,,Siralsudeu54,,,,
339,Ilmol66,8,Female,124,Venom Claymore,1.29,,,Eusri26,,,,
340,Yastyriaphos75,22,Male,41,Orbit,4.75,,,Ardcil81,,,,
341,Hiasurria41,41,Male,71,Demise,1.61,,,Marilsasya33,,,,
342,Palatyon26,21,Male,38,"The Void, Vengeance of Dark Magic",2.37,,,Lirtim36,,,,
343,Chadilsasta32,23,Male,49,"The Oculus, Token of Lost Worlds",2.96,,,Heunadil74,,,,
344,Qilalista41,23,Male,19,"Pursuit, Cudgel of Necromancy",1.02,,,Frichadar89,,,,
345,Hada39,19,Male,2,Verdict,2.48,,,Aesurstilis64,,,,
346,Saedaiphos46,18,Male,121,Massacre,1.6,,,Idaidil28,,,,
347,Chamilsala65,23,Female,11,Brimstone,3.65,,,Lisotesta51,,,,
348,Eulaestira36,18,Male,38,"The Void, Vengeance of Dark Magic",2.37,,,Lisico81,,,,
349,Sundirrala66,20,Male,59,"Lightning, Etcher of the King",4.23,,,Lisiriya82,,,,
350,Rairith81,15,Other / Non-Disclosed,34,Retribution Axe,2.22,,,Siana77,,,,
351,Assistasda42,21,Male,121,Massacre,1.6,,,Marokian45,,,,
352,Ilarin91,22,Male,79,"Alpha, Oath of Zeal",4.05,,,Sausosia74,,,,
353,Ryanara76,25,Male,174,Primitive Blade,3.47,,,Assesi91,,,,
354,Undista85,21,Male,163,Thunderfury Scimitar,3.45,,,Eusri70,,,,
355,Tyeoralru41,15,Male,140,Striker,2.94,,,Aisurria69,,,,
356,Pheosrinudeu70,20,Male,138,"Peacekeeper, Wit of Dark Magic",4.74,,,Iarilis73,,,,
357,Heuli25,23,Female,37,"Shadow Strike, Glory of Ending Hope",3.16,,,Raisty38,,,,
358,Pheutherin27,24,Male,74,Yearning Crusher,4.18,,,Ilista82,,,,
359,Chadirra90,18,Male,73,Ritual Mace,2.05,,,Leyirra83,,,,
360,Ali84,29,Male,14,Possessed Core,2.61,,,Aiduesu86,,,,
361,Frichjaskan98,25,Male,19,"Pursuit, Cudgel of Necromancy",1.02,,,Frichynde86,,,,
362,Malil90,22,Male,107,"Splitter, Foe Of Subtlety",2.18,,,Hisridru55,,,,
363,Aina42,25,Male,45,Glinting Glass Edge,3.85,,,Chamossa77,,,,
364,Yarithllodeu72,22,Male,88,"Emberling, Defender of Delusions",3.75,,,Irillo49,,,,
365,Tyaedainu44,25,Male,43,Foul Edge,3.54,,,Lirtastsya71,,,,
366,Hirirap39,22,Male,31,Trickster,1.55,,,Frichosiala98,,,,
367,Eodailis27,30,Male,138,"Peacekeeper, Wit of Dark Magic",4.74,,,Qilunan34,,,,
368,Ethron58,20,Male,3,Phantomlight,2.49,,,Quarrion42,,,,
369,Heuli25,23,Female,137,"Aetherius, Boon of the Blessed",3.39,,,Aisurdru79,,,,
370,Idai61,19,Male,45,Glinting Glass Edge,3.85,,,Hiaral50,,,,
371,Eusurdeu49,23,Male,155,War-Forged Gold Deflector,1.01,,,Iarallo65,,,,
372,Saistyphos30,35,Male,64,Fusion Pummel,4.82,,,Sondassasya91,,,,
373,Aina42,25,Male,103,Singed Scalpel,4.35,,,Chanossast57,,,,
374,Saisrilis27,16,Male,85,Malificent Bag,1.75,,,Chanjask65,,,,
375,Hallysucal81,25,Male,181,Reaper's Toll,1.66,,,Ethralista69,,,,
376,Ilimya66,33,Male,59,"Lightning, Etcher of the King",4.23,,,Sondistanya61,,,,
377,Raysistast71,20,Male,11,Brimstone,3.65,,,Eudanu32,,,,
378,Haedairiadru51,23,Male,96,Blood-Forged Skeletal Spine,3.09,,,Euthe35,,,,
379,Tyananurgue44,18,Male,100,Blindscythe,3.27,,,Lassimla92,,,,
380,Risty84,25,Male,50,Dawn,4.6,,,Lisossala30,,,,
381,Aerillorin70,16,Male,83,Lifebender,3.33,,,Eulae84,,,,
382,Phistyn52,24,Male,164,Exiled Doomblade,1.63,,,Chamadarnya73,,,,
383,Yalo85,34,Male,11,Brimstone,3.65,,,Eolan54,,,,
384,Chamirrasya33,21,Female,110,Suspension,1.44,,,Assistasda90,,,,
385,Hiral75,22,Male,29,"Chaos, Ender of the End",1.98,,,Ennrian78,,,,
386,Isursti83,21,Male,129,"Fate, Vengeance of Eternal Justice",1.54,,,Undirrasta89,,,,
387,Bartassaya73,26,Male,39,"Betrayal, Whisper of Grieving Widows",3.94,,,Rianistast50,,,,
388,Aeda94,17,Male,128,"Blazeguard, Reach of Eternity",4.91,,,Undare39,,,,
389,Quinarap53,15,Male,157,"Spada, Etcher of Hatred",4.8,,,Adairialis76,,,,
390,Asur53,26,Male,75,Brutality Ivory Warmace,2.42,,,Aesur96,,,,
391,Alarap40,18,Male,20,Netherbane,3.27,,,Tyialisudeu65,,,,
392,Sida61,20,Female,181,Reaper's Toll,1.66,,,Arirgue63,,,,
393,Hiarideu73,20,Male,54,Eternal Cleaver,2.5,,,Sundadarla27,,,,
394,Lassassasda30,12,Male,60,Wolf,3.54,,,Eyircil84,,,,
395,Ennoncil86,17,Male,152,Darkheart,1.74,,,Ina92,,,,
396,Siralsudeu54,20,Male,131,Fury,1.44,,,Lirtistanya48,,,,
397,Eusri26,25,Male,100,Blindscythe,3.27,,,Marassa62,,,,
398,Ardcil81,34,Male,96,Blood-Forged Skeletal Spine,3.09,,,Mindossa76,,,,
399,Marilsasya33,19,Male,143,Frenzied Scimitar,1.56,,,Salilis27,,,,
400,Ilarin91,22,Male,72,Winter's Bite,3.77,,,Sondossa69,,,,
401,Lirtim36,15,Other / Non-Disclosed,46,Hopeless Ebon Dualblade,1.33,,,Sundjask71,,,,
402,Heunadil74,23,Female,129,"Fate, Vengeance of Eternal Justice",1.54,,,Errian63,,,,
403,Frichadar89,24,Male,162,Abyssal Shard,2.67,,,Eurithphos97,,,,
404,Chamirrasya33,21,Female,71,Demise,1.61,,,Raillydeu47,,,,
405,Aesurstilis64,25,Male,70,Hope's End,1.03,,,Malon70,,,,
406,Idaidil28,15,Male,100,Blindscythe,3.27,,,Jiskimsda56,,,,
407,Idai61,19,Male,131,Fury,1.44,,,Marughi89,,,,
408,Raesty92,12,Male,53,Vengeance Cleaver,2.05,,,Ingatcil75,,,,
409,Lisotesta51,15,Female,144,Blood Infused Guardian,1.94,,,Chanirrasta87,,,,
410,Strithenu87,20,Male,99,"Expiration, Warscythe Of Lost Worlds",1.71,,,Alaesu77,,,,
411,Lisico81,10,Male,92,Final Critic,4.19,,,Ermol76,,,,
412,Lisiriya82,32,Male,86,Stormfury Lantern,2.27,,,Tyeuduen32,,,,
413,Siana77,12,Male,93,Apocalyptic Battlescythe,1.97,,,Firon67,,,,
414,Marokian45,23,Male,108,"Extraction, Quickblade Of Trembling Hands",3.53,,,Iadueria43,,,,
415,Sausosia74,22,Male,120,Agatha,3.08,,,Pheulidil31,,,,
416,Aestysu37,25,Male,13,Serenity,1.41,,,Eodairu79,,,,
417,Pheodaisun84,30,Male,98,"Deadline, Voice Of Subtlety",2.89,,,Frichocesta66,,,,
418,Marim28,25,Female,125,Whistling Mithril Warblade,1,,,Thourdirra92,,,,
419,Iaralrgue74,33,Male,171,Scalpel,1.79,,,Chanastnya43,,,,
420,Assesi91,23,Male,129,"Fate, Vengeance of Eternal Justice",1.54,,,Iskim96,,,,
421,Yadaphos40,30,Male,26,Unholy Wand,1.12,,,Eulolis41,,,,
422,Eusri70,24,Female,154,Feral Katana,4.4,,,Sastydeu50,,,,
423,Aisurria69,24,Male,10,Sleepwalker,1.79,,,Ilaesudil92,,,,
424,Iarilis73,10,Male,149,"Tranquility, Razor of Black Magic",1.75,,,Yasur85,,,,
425,Raisty38,15,Male,20,Netherbane,3.27,,,Aidain51,,,,
426,Ilista82,23,Male,32,Orenmir,1.14,,,Aerithnuphos61,,,,
427,Leyirra83,24,Female,170,Shadowsteel,3.97,,,Yalostiphos68,,,,
428,Aelly27,24,Male,14,Possessed Core,2.61,,,Meosridil82,,,,
429,Aiduesu86,22,Female,179,"Wolf, Promise of the Moonwalker",4.48,,,Aillyriadru65,,,,
430,Frichynde86,15,Male,164,Exiled Doomblade,1.63,,,Sally64,,,,
431,Aelollo59,33,Male,172,Blade of the Grave,3.14,,,Lisim51,,,,
432,Hisridru55,18,Male,120,Agatha,3.08,,,Isurria36,,,,
433,Chamossa77,21,Male,156,Soul-Forged Steel Shortsword,1.77,,,Silaera56,,,,
434,Irillo49,20,Male,84,Arcane Gem,3.79,,,Leetirraya83,,,,
435,Lirtastsya71,21,Male,93,Apocalyptic Battlescythe,1.97,,,Lirtirra81,,,,
436,Umolrian85,32,Female,80,Dreamsong,3.39,,,Eryon48,,,,
437,Frichosiala98,24,Female,43,Foul Edge,3.54,,,Iana95,,,,
438,Qilunan34,23,Male,145,Fiery Glass Crusader,4.58,,,Sondassan80,,,,
439,Quarrion42,22,Male,59,"Lightning, Etcher of the King",4.23,,,Chanadar44,,,,
440,Aisurdru79,29,Female,75,Brutality Ivory Warmace,2.42,,,Eosurdru76,,,,
441,Hiaral50,15,Male,156,Soul-Forged Steel Shortsword,1.77,,,Shidai42,,,,
442,Zontibe81,21,Male,84,Arcane Gem,3.79,,,Aesri53,,,,
443,Iarallo65,26,Male,149,"Tranquility, Razor of Black Magic",1.75,,,Syally44,,,,
444,Sondassasya91,21,Female,24,Warped Fetish,3.81,,,Jiskadarst60,,,,
445,Phaelap26,25,Female,150,Deathraze,2.85,,,Sondadar26,,,,
446,Chanossast57,7,Female,119,"Stormbringer, Dark Blade of Ending Misery",4.32,,,Malarrian73,,,,
447,Yalae81,22,Male,120,Agatha,3.08,,,Maluncil97,,,,
448,Chanjask65,18,Female,68,"Storm-Weaver, Slayer of Inception",4.32,,,Ilunyon70,,,,
449,Ethralista69,13,Male,34,Retribution Axe,2.22,,,Yadam35,,,,
450,Sondistanya61,18,Female,35,Heartless Bone Dualblade,3.45,,,Dyally87,,,,
451,Eudanu32,15,Female,122,Unending Tyranny,2.85,,,Pheosurllorin41,,,,
452,Marilsasya33,19,Male,32,Orenmir,1.14,,,Frichaya88,,,,
453,Euthe35,24,Male,70,Hope's End,1.03,,,Lassadarsda57,,,,
454,Lassimla92,25,Male,1,Crucifer,3.26,,,Marynde90,,,,
455,Lisossala30,20,Male,103,Singed Scalpel,4.35,,,Isri34,,,,
456,Phaena87,20,Male,124,Venom Claymore,1.29,,,Assastnya25,,,,
457,Eulae84,25,Male,61,Ragnarok,3.87,,,Ardonmol96,,,,
458,Chamadarnya73,29,Male,166,Thirsty Iron Reaver,3.07,,,Lassirrasda85,,,,
459,Eolan54,30,Male,129,"Fate, Vengeance of Eternal Justice",1.54,,,Chadossa56,,,,
460,Assistasda90,25,Male,103,Singed Scalpel,4.35,,,Poshilsa82,,,,
461,Ennrian78,24,Male,168,"Sun Strike, Jaws of Twisted Visions",1.48,,,Yoishirrala98,,,,
462,Undirrasta89,20,Male,144,Blood Infused Guardian,1.94,,,Sundista37,,,,
463,Frichadaran88,25,Male,48,"Rage, Legacy of the Lone Victor",2.48,,,Ilassa51,,,,
464,Rianistast50,22,Male,178,"Oathbreaker, Last Hope of the Breaking Storm",4.23,,,Filurarn35,,,,
465,Sondastsda82,24,Male,4,Bloodlord's Fetish,1.7,,,Phaestycal84,,,,
466,Undare39,23,Male,112,Worldbreaker,2.6,,,Irilis75,,,,
467,Adairialis76,16,Male,123,Twilight's Carver,2.28,,,Aeralstical35,,,,
468,Aesur96,23,Male,30,Stormcaller,2.21,,,Chanirrala39,,,,
469,Tyialisudeu65,24,Male,148,"Warmonger, Gift of Suffering's End",4.03,,,Chanirra79,,,,
470,Arirgue63,29,Male,4,Bloodlord's Fetish,1.7,,,Assirra56,,,,
471,Sundadarla27,23,Male,122,Unending Tyranny,2.85,,,Seolollo93,,,,
472,Lisopela58,22,Male,18,"Torchlight, Bond of Storms",4.65,,,Iathem87,,,,
473,Eyircil84,21,Male,25,Hero Cane,4.35,,,Iasurriacal29,,,,
474,Ina92,31,Male,145,Fiery Glass Crusader,4.58,,,Lisast98,,,,
475,Lirtistanya48,24,Male,6,Rusty Skull,3.7,,,Filrion59,,,,
476,Marassa62,21,Male,103,Singed Scalpel,4.35,,,Halaecal66,,,,
477,Mindossa76,41,Male,173,Stormfury Longsword,4.93,,,Iskosian40,,,,
478,Sondim68,22,Female,35,Heartless Bone Dualblade,3.45,,,Ilastilis78,,,,
479,Chanjaskan89,21,Male,60,Wolf,3.54,,,Seosrim97,,,,
480,Salilis27,40,Male,59,"Lightning, Etcher of the King",4.23,,,Farrian71,,,,
481,Sondossa69,7,Male,179,"Wolf, Promise of the Moonwalker",4.48,,,Rithe53,,,,
482,Sundjask71,32,Female,77,"Piety, Guardian of Riddles",4,,,Frichossala54,,,,
483,Saistyphos30,35,Male,108,"Extraction, Quickblade Of Trembling Hands",3.53,,,Chamjaskya75,,,,
484,Chanosian48,35,Other / Non-Disclosed,39,"Betrayal, Whisper of Grieving Widows",3.94,,,Quanrion96,,,,
485,Errian63,26,Female,94,Mourning Blade,3.49,,,Tyaelaelis94,,,,
486,Eurithphos97,9,Male,53,Vengeance Cleaver,2.05,,,Quanenrian83,,,,
487,Raillydeu47,14,Male,93,Apocalyptic Battlescythe,1.97,,,Chanirra64,,,,
488,Malon70,23,Male,44,Bonecarvin Battle Axe,2.38,,,Yadaisuir65,,,,
489,Jiskimsda56,28,Male,32,Orenmir,1.14,,,Syathecal44,,,,
490,Idastidru52,24,Male,148,"Warmonger, Gift of Suffering's End",4.03,,,Arin32,,,,
491,Marughi89,22,Male,22,Amnesia,2.18,,,Aelaria33,,,,
492,Ingatcil75,23,Male,143,Frenzied Scimitar,1.56,,,Assassa81,,,,
493,Chanirrasta87,14,Male,139,"Mercy, Katana of Dismay",4.94,,,Filrion83,,,,
494,Alaesu77,30,Male,3,Phantomlight,2.49,,,Eoral49,,,,
495,Ermol76,24,Male,97,"Swan Song, Gouger Of Terror",2.5,,,Airi27,,,,
496,Tyeuduen32,23,Male,79,"Alpha, Oath of Zeal",4.05,,,Eurisuru25,,,,
497,Yadacal26,15,Male,52,Hatred,4.84,,,Liawista80,,,,
498,Firon67,35,Male,108,"Extraction, Quickblade Of Trembling Hands",3.53,,,Lisirra58,,,,
499,Iadueria43,24,Male,99,"Expiration, Warscythe Of Lost Worlds",1.71,,,Chamadarsda63,,,,
500,Pheulidil31,20,Male,100,Blindscythe,3.27,,,Haestyphos66,,,,
501,Eodairu79,32,Male,151,Severance,3.4,,,Phaedasurap84,,,,
502,Frichocesta66,20,Male,16,Restored Bauble,3.55,,,Mindimnya67,,,,
503,Iaralsuir44,23,Male,59,"Lightning, Etcher of the King",4.23,,,Chadjask85,,,,
504,Chamilsala65,23,Female,82,Nirvana,4.9,,,Eustyria89,,,,
505,Thourdirra92,19,Male,110,Suspension,1.44,,,Iskim66,,,,
506,Chadista79,30,Male,25,Hero Cane,4.35,,,Chamast86,,,,
507,Chanastnya43,22,Male,29,"Chaos, Ender of the End",1.98,,,Lirtassan78,,,,
508,Iskim96,16,Male,7,"Thorn, Satchel of Dark Souls",1.33,,,Ethrasyon38,,,,
509,Inguron55,23,Male,117,"Heartstriker, Legacy of the Light",1.79,,,Quilassa66,,,,
510,Eulolis41,22,Male,162,Abyssal Shard,2.67,,,Lisassasda39,,,,
511,Lassilsala30,21,Male,64,Fusion Pummel,4.82,,,Mindilsa60,,,,
512,Sastydeu50,35,Male,169,"Interrogator, Blood Blade of the Queen",2.18,,,Lalossa38,,,,
513,Ilaesudil92,25,Male,25,Hero Cane,4.35,,,Chamistast30,,,,
514,Yasur85,21,Male,21,Souleater,1.1,,,Hariphos58,,,,
515,Haillyrgue51,7,Male,40,Second Chance,2.52,,,Assilsan72,,,,
516,Aidain51,39,Female,35,Heartless Bone Dualblade,3.45,,,Inasuir29,,,,
517,Aerithnuphos61,39,Male,128,"Blazeguard, Reach of Eternity",4.91,,,Chanilsasda38,,,,
518,Yalostiphos68,29,Male,160,Azurewrath,4.4,,,Mindesi74,,,,
519,Eusri70,24,Female,140,Striker,2.94,,,Ililsan66,,,,
520,Chamjask73,22,Female,109,"Downfall, Scalpel Of The Emperor",4.76,,,Idacal95,,,,
521,Phistym51,37,Male,50,Dawn,4.6,,,Aeral68,,,,
522,Meosridil82,18,Male,82,Nirvana,4.9,,,Tyarithn67,,,,
523,Aillyriadru65,24,Male,21,Souleater,1.1,,,Asty82,,,,
524,Sally64,25,Female,46,Hopeless Ebon Dualblade,1.33,,,Yalaeria91,,,,
525,Lirtimst73,24,Male,126,Exiled Mithril Longsword,2,,,Chadjask77,,,,
526,Ilosia37,23,Male,133,Faith's Scimitar,4.09,,,Ealiril69,,,,
527,Lisim51,24,Male,102,Avenger,3.44,,,Quaecjask96,,,,
528,Isurria36,22,Female,19,"Pursuit, Cudgel of Necromancy",1.02,,,Firatan58,,,,
529,Silaera56,21,Male,142,Righteous Might,2.62,,,Yarolwen77,,,,
530,Leetirraya83,24,Male,5,Putrid Fan,4.08,,,Tyaelistidru84,,,,
531,Lirtirra81,12,Male,143,Frenzied Scimitar,1.56,,,Yarithrin84,,,,
532,Eryon48,16,Male,21,Souleater,1.1,,,Tyaelly53,,,,
533,Hada39,19,Male,48,"Rage, Legacy of the Lone Victor",2.48,,,Phiristi62,,,,
534,Iana95,10,Male,146,Warped Iron Scimitar,3.1,,,Ililsasya43,,,,
535,Siralsudeu54,20,Male,155,War-Forged Gold Deflector,1.01,,,Aithelis62,,,,
536,Siallylis44,20,Male,92,Final Critic,4.19,,,Undotesta33,,,,
537,Sondassan80,25,Male,112,Worldbreaker,2.6,,,Aelidru27,,,,
538,Chanadar44,25,Male,132,Persuasion,3.19,,,Chanossanya44,,,,
539,Eosurdru76,11,Male,117,"Heartstriker, Legacy of the Light",1.79,,,Maradarnya40,,,,
540,Shidai42,29,Male,7,"Thorn, Satchel of Dark Souls",1.33,,,Lisilsa62,,,,
541,Aesri53,31,Male,161,Devine,1.76,,,Saena89,,,,
542,Syally44,17,Male,22,Amnesia,2.18,,,Chanilsast61,,,,
543,Idastidru52,24,Male,121,Massacre,1.6,,,Sundassa93,,,,
544,Ardcil81,34,Male,3,Phantomlight,2.49,,,Aidai73,,,,
545,Jiskadarst60,16,Male,66,Victor Iron Spikes,4.4,,,Indirrian56,,,,
546,Sondadar26,9,Male,159,"Oathbreaker, Spellblade of Trials",3.08,,,Lisassasta50,,,,
547,Malarrian73,18,Male,135,Warped Diamond Crusader,1.4,,,Iduelis31,,,,
548,Yathecal82,20,Female,75,Brutality Ivory Warmace,2.42,,,Chanosiaya39,,,,
549,Maluncil97,25,Other / Non-Disclosed,146,Warped Iron Scimitar,3.1,,,Assylla81,,,,
550,Ilunyon70,20,Male,60,Wolf,3.54,,,Aidaira26,,,,
551,Iri67,20,Male,160,Azurewrath,4.4,,,Eudanu84,,,,
552,Hiaral50,15,Male,155,War-Forged Gold Deflector,1.01,,,Chamiman85,,,,
553,Yadam35,28,Male,2,Verdict,2.48,,,Tyialisti80,,,,
554,Dyally87,22,Male,63,Stormfury Mace,4.99,,,Marundi65,,,,
555,Pheosurllorin41,23,Female,7,"Thorn, Satchel of Dark Souls",1.33,,,Eusur90,,,,
556,Frichocesta66,20,Male,64,Fusion Pummel,4.82,,,Mindirranya33,,,,
557,Frichaya88,42,Male,8,"Purgatory, Gem of Regret",3.93,,,Phiallylis33,,,,
558,Lassadarsda57,25,Female,108,"Extraction, Quickblade Of Trembling Hands",3.53,,,Isty55,,,,
559,Iasrira89,23,Male,34,Retribution Axe,2.22,,,Frichilsa31,,,,
560,Zontibe81,21,Male,2,Verdict,2.48,,,Chanista95,,,,
561,Chanastnya43,22,Male,35,Heartless Bone Dualblade,3.45,,,Aellyria80,,,,
562,Marynde90,30,Male,83,Lifebender,3.33,,,Rastynusuir31,,,,
563,Isri34,38,Male,142,Righteous Might,2.62,,,Iljask75,,,,
564,Chamjask73,22,Female,52,Hatred,4.84,,,Lisjaskan36,,,,
565,Assastnya25,20,Male,179,"Wolf, Promise of the Moonwalker",4.48,,,Mindjasksya61,,,,
566,Ardonmol96,20,Male,31,Trickster,1.55,,,Frichirranya75,,,,
567,Lassirrasda85,20,Male,102,Avenger,3.44,,,Ilast79,,,,
568,Syally44,17,Male,123,Twilight's Carver,2.28,,,Eratiel90,,,,
569,Baelollodeu94,20,Female,87,"Deluge, Edge of the West",4.43,,,Assim27,,,,
570,Chadossa56,20,Male,69,"Frenzy, Defender of the Harvest",1.98,,,Irith83,,,,
571,Poshilsa82,16,Male,165,Bone Crushing Silver Skewer,4.86,,,Ilosian36,,,,
572,Yoishirrala98,17,Female,145,Fiery Glass Crusader,4.58,,,Iskossasda43,,,,
573,Sundista37,26,Male,156,Soul-Forged Steel Shortsword,1.77,,,Hala31,,,,
574,Undare39,23,Male,131,Fury,1.44,,,Jiskjask80,,,,
575,Sondadar26,9,Male,137,"Aetherius, Boon of the Blessed",3.39,,,Aethedru70,,,,
576,Ilassa51,20,Male,34,Retribution Axe,2.22,,,Yathecal72,,,,
577,Filurarn35,19,Male,128,"Blazeguard, Reach of Eternity",4.91,,,Sisur91,,,,
578,Aerithllora36,29,Female,153,Mercenary Sabre,3.74,,,,,,,
579,Marilsa69,25,Female,12,Dawne,1.02,,,,,,,
580,Tyida79,24,Male,178,"Oathbreaker, Last Hope of the Breaking Storm",4.23,,,,,,,
581,Phaestycal84,23,Male,117,"Heartstriker, Legacy of the Light",1.79,,,,,,,
582,Irilis75,20,Male,19,"Pursuit, Cudgel of Necromancy",1.02,,,,,,,
583,Aeralstical35,20,Male,49,"The Oculus, Token of Lost Worlds",2.96,,,,,,,
584,Aelin32,20,Male,115,Spectral Diamond Doomblade,2.04,,,,,,,
585,Chanirrala39,22,Male,85,Malificent Bag,1.75,,,,,,,
586,Chanirra79,23,Female,155,War-Forged Gold Deflector,1.01,,,,,,,
587,Assirra56,22,Male,132,Persuasion,3.19,,,,,,,
588,Lassadarsda57,25,Female,15,Soul Infused Crystal,2.96,,,,,,,
589,Seolollo93,30,Male,106,Crying Steel Sickle,3.41,,,,,,,
590,Iathem87,20,Male,132,Persuasion,3.19,,,,,,,
591,Iasurriacal29,20,Male,113,Solitude's Reaver,4.07,,,,,,,
592,Lisast98,22,Male,170,Shadowsteel,3.97,,,,,,,
593,Lassimla92,25,Male,128,"Blazeguard, Reach of Eternity",4.91,,,,,,,
594,Filrion59,27,Male,89,"Blazefury, Protector of Delusions",4.64,,,,,,,
595,Yathedeu43,22,Male,55,Vindictive Glass Edge,2.27,,,,,,,
596,Seudaillorap38,27,Male,146,Warped Iron Scimitar,3.1,,,,,,,
597,Quinarap53,15,Male,86,Stormfury Lantern,2.27,,,,,,,
598,Halaecal66,22,Male,111,Misery's End,4.89,,,,,,,
599,Hiaral50,15,Male,13,Serenity,1.41,,,,,,,
600,Iskosian40,16,Male,166,Thirsty Iron Reaver,3.07,,,,,,,
601,Ilastilis78,11,Male,93,Apocalyptic Battlescythe,1.97,,,,,,,
602,Seosrim97,20,Male,65,Conqueror Adamantite Mace,4.24,,,,,,,
603,Lisosia93,25,Male,132,Persuasion,3.19,,,,,,,
604,Lisim51,24,Male,34,Retribution Axe,2.22,,,,,,,
605,Farrian71,18,Male,159,"Oathbreaker, Spellblade of Trials",3.08,,,,,,,
606,Nitherian58,28,Male,123,Twilight's Carver,2.28,,,,,,,
607,Rithe53,15,Female,80,Dreamsong,3.39,,,,,,,
608,Leyirra83,24,Female,132,Persuasion,3.33,,,,,,,
609,Lisosia93,25,Male,40,Second Chance,2.52,,,,,,,
610,Frichossala54,7,Male,159,"Oathbreaker, Spellblade of Trials",3.08,,,,,,,
611,Chamjaskya75,16,Male,176,Relentless Iron Skewer,2.84,,,,,,,
612,Silaera56,21,Male,52,Hatred,4.84,,,,,,,
613,Quanrion96,21,Female,159,"Oathbreaker, Spellblade of Trials",3.08,,,,,,,
614,Chadadarla74,30,Male,65,Conqueror Adamantite Mace,4.24,,,,,,,
615,Sida61,20,Female,72,Winter's Bite,3.77,,,,,,,
616,Tyaelaelis94,20,Male,78,"Glimmer, Ender of the Moon",4.4,,,,,,,
617,Chamimla85,16,Male,40,Second Chance,2.52,,,,,,,
618,Aisurdru79,29,Female,183,Dragon's Greatsword,1.09,,,,,,,
619,Quanenrian83,15,Male,55,Vindictive Glass Edge,2.27,,,,,,,
620,Undosian34,21,Male,109,"Downfall, Scalpel Of The Emperor",4.76,,,,,,,
621,Seosrim97,20,Male,26,Unholy Wand,1.12,,,,,,,
622,Chanirra64,25,Male,129,"Fate, Vengeance of Eternal Justice",1.54,,,,,,,
623,Iral74,21,Male,114,Yearning Mageblade,3.82,,,,,,,
624,Marynde90,30,Male,29,"Chaos, Ender of the End",1.98,,,,,,,
625,Yadaisuir65,20,Male,133,Faith's Scimitar,4.09,,,,,,,
626,Syathecal44,16,Male,75,Brutality Ivory Warmace,2.42,,,,,,,
627,Arin32,25,Male,178,"Oathbreaker, Last Hope of the Breaking Storm",4.23,,,,,,,
628,Hada39,19,Male,167,"Malice, Legacy of the Queen",3.61,,,,,,,
629,Maluncil97,25,Other / Non-Disclosed,107,"Splitter, Foe Of Subtlety",2.18,,,,,,,
630,Aelaria33,23,Male,171,Scalpel,1.79,,,,,,,
631,Assassa81,27,Male,137,"Aetherius, Boon of the Blessed",3.39,,,,,,,
632,Filrion83,17,Male,160,Azurewrath,4.4,,,,,,,
633,Chanastnya43,22,Male,80,Dreamsong,3.39,,,,,,,
634,Eoral49,16,Male,103,Singed Scalpel,4.35,,,,,,,
635,Ali84,29,Male,4,Bloodlord's Fetish,1.7,,,,,,,
636,Chanirrala39,22,Male,78,"Glimmer, Ender of the Moon",4.4,,,,,,,
637,Airi27,24,Other / Non-Disclosed,163,Thunderfury Scimitar,3.45,,,,,,,
638,Eurisuru25,24,Male,22,Amnesia,2.18,,,,,,,
639,Liawista80,27,Male,86,Stormfury Lantern,2.27,,,,,,,
640,Sausosia74,22,Male,108,"Extraction, Quickblade Of Trembling Hands",3.53,,,,,,,
641,Lisirra58,20,Female,49,"The Oculus, Token of Lost Worlds",2.96,,,,,,,
642,Chamadarsda63,23,Male,127,"Heartseeker, Reaver of Souls",3.92,,,,,,,
643,Haestyphos66,21,Male,93,Apocalyptic Battlescythe,1.97,,,,,,,
644,Bartassaya73,26,Male,22,Amnesia,2.18,,,,,,,
645,Phaedasurap84,17,Male,114,Yearning Mageblade,3.82,,,,,,,
646,Mindimnya67,23,Male,116,Renewed Skeletal Katana,4.18,,,,,,,
647,Chadjask85,24,Male,61,Ragnarok,3.87,,,,,,,
648,Eustyria89,39,Male,150,Deathraze,2.85,,,,,,,
649,Iskim66,15,Male,67,"Celeste, Incarnation of the Corrupted",3.46,,,,,,,
650,Smaistysu35,30,Male,161,Devine,1.76,,,,,,,
651,Lirtilsa72,24,Male,132,Persuasion,3.33,,,,,,,
652,Pheosrinudeu70,20,Male,75,Brutality Ivory Warmace,2.42,,,,,,,
653,Chamast86,32,Female,53,Vengeance Cleaver,2.05,,,,,,,
654,Tyialisudeu65,24,Male,19,"Pursuit, Cudgel of Necromancy",1.02,,,,,,,
655,Lirtassan78,15,Male,20,Netherbane,3.27,,,,,,,
656,Ethrasyon38,26,Male,115,Spectral Diamond Doomblade,2.04,,,,,,,
657,Silaera56,21,Male,19,"Pursuit, Cudgel of Necromancy",1.02,,,,,,,
658,Quilassa66,7,Female,178,"Oathbreaker, Last Hope of the Breaking Storm",4.23,,,,,,,
659,Lisassasda39,36,Male,140,Striker,2.94,,,,,,,
660,Isri34,38,Male,103,Singed Scalpel,4.35,,,,,,,
661,Strithenu87,20,Male,60,Wolf,3.54,,,,,,,
662,Mindilsa60,21,Male,0,Splinter,1.28,,,,,,,
663,Lalossa38,25,Male,72,Winter's Bite,3.77,,,,,,,
664,Chamistast30,31,Male,47,"Alpha, Reach of Ending Hope",3.58,,,,,,,
665,Hariphos58,17,Male,73,Ritual Mace,2.05,,,,,,,
666,Assilsan72,20,Female,82,Nirvana,4.9,,,,,,,
667,Inasuir29,40,Female,66,Victor Iron Spikes,4.4,,,,,,,
668,Chanilsasda38,15,Male,40,Second Chance,2.52,,,,,,,
669,Mindesi74,22,Male,45,Glinting Glass Edge,3.85,,,,,,,
670,Aiduecal76,20,Male,120,Agatha,3.08,,,,,,,
671,Caesrinusuir82,30,Male,152,Darkheart,1.74,,,,,,,
672,Ililsan66,9,Male,122,Unending Tyranny,2.85,,,,,,,
673,Idacal95,30,Male,130,Alpha,2.07,,,,,,,
674,Aeral68,43,Male,77,"Piety, Guardian of Riddles",4,,,,,,,
675,Lirtastsda29,16,Male,144,Blood Infused Guardian,1.94,,,,,,,
676,Idastidru52,24,Male,111,Misery's End,4.89,,,,,,,
677,Tyarithn67,27,Male,32,Orenmir,1.14,,,,,,,
678,Rarallo90,33,Male,108,"Extraction, Quickblade Of Trembling Hands",3.53,,,,,,,
679,Iarilis73,10,Male,153,Mercenary Sabre,3.74,,,,,,,
680,Asty82,25,Male,96,Blood-Forged Skeletal Spine,3.09,,,,,,,
681,Yalaeria91,33,Male,28,"Flux, Destroyer of Due Diligence",1.06,,,,,,,
682,Lirtossa60,24,Male,135,Warped Diamond Crusader,1.4,,,,,,,
683,Ialallo29,15,Female,145,Fiery Glass Crusader,4.58,,,,,,,
684,Phaestycal84,23,Male,169,"Interrogator, Blood Blade of the Queen",2.18,,,,,,,
685,Halaecal66,22,Male,34,Retribution Axe,2.22,,,,,,,
686,Chadjask77,8,Male,147,"Hellreaver, Heirloom of Inception",4.93,,,,,,,
687,Ealiril69,35,Male,78,"Glimmer, Ender of the Moon",4.4,,,,,,,
688,Saistyphos30,35,Male,29,"Chaos, Ender of the End",1.98,,,,,,,
689,Undjaskla97,33,Male,76,Haunted Bronzed Bludgeon,3.15,,,,,,,
690,Idaidil28,15,Male,68,"Storm-Weaver, Slayer of Inception",4.32,,,,,,,
691,Lirtistanya48,24,Male,112,Worldbreaker,2.6,,,,,,,
692,Quaecjask96,9,Male,78,"Glimmer, Ender of the Moon",4.4,,,,,,,
693,Firatan58,23,Male,88,"Emberling, Defender of Delusions",3.75,,,,,,,
694,Mindesi74,22,Male,164,Exiled Doomblade,1.63,,,,,,,
695,Lamil79,38,Male,111,Misery's End,4.89,,,,,,,
696,Yarolwen77,30,Male,87,"Deluge, Edge of the West",4.43,,,,,,,
697,Tyaelistidru84,19,Female,1,Crucifer,3.26,,,,,,,
698,Yarithrin84,30,Female,58,"Freak's Bite, Favor of Holy Might",4.14,,,,,,,
699,Tyaelly53,17,Female,130,Alpha,2.07,,,,,,,
700,Chanosia60,31,Male,90,Betrayer,2.94,,,,,,,
701,Phiristi62,25,Male,10,Sleepwalker,1.79,,,,,,,
702,Ililsasya43,19,Male,12,Dawne,1.02,,,,,,,
703,Aithelis62,21,Male,160,Azurewrath,4.4,,,,,,,
704,Undotesta33,18,Male,95,Singed Onyx Warscythe,4.74,,,,,,,
705,Aelidru27,22,Male,183,Dragon's Greatsword,1.09,,,,,,,
706,Chanossanya44,20,Male,178,"Oathbreaker, Last Hope of the Breaking Storm",4.23,,,,,,,
707,Maradarnya40,20,Male,38,"The Void, Vengeance of Dark Magic",2.37,,,,,,,
708,Lirtastsya71,21,Male,67,"Celeste, Incarnation of the Corrupted",3.46,,,,,,,
709,Lisast87,19,Male,75,Brutality Ivory Warmace,2.42,,,,,,,
710,Lisossa25,22,Male,99,"Expiration, Warscythe Of Lost Worlds",1.71,,,,,,,
711,Chadolyla44,20,Male,94,Mourning Blade,3.49,,,,,,,
712,Lisilsa62,25,Male,92,Final Critic,4.88,,,,,,,
713,Iasur80,22,Male,46,Hopeless Ebon Dualblade,1.33,,,,,,,
714,Tyidaim51,16,Female,103,Singed Scalpel,4.35,,,,,,,
715,Eusurdeu49,23,Male,8,"Purgatory, Gem of Regret",3.93,,,,,,,
716,Saena89,23,Male,106,Crying Steel Sickle,3.41,,,,,,,
717,Chanilsast61,30,Male,177,"Winterthorn, Defender of Shifting Worlds",2.08,,,,,,,
718,Ilirrasda54,37,Male,20,Netherbane,3.27,,,,,,,
719,Sundassa93,16,Male,158,"Darkheart, Butcher of the Champion",2.45,,,,,,,
720,Aidai73,19,Male,159,"Oathbreaker, Spellblade of Trials",3.08,,,,,,,
721,Indirrian56,20,Male,156,Soul-Forged Steel Shortsword,1.77,,,,,,,
722,Ilarin91,22,Male,92,Final Critic,4.88,,,,,,,
723,Lisista54,21,Male,177,"Winterthorn, Defender of Shifting Worlds",2.08,,,,,,,
724,Lisassasta50,25,Male,144,Blood Infused Guardian,1.94,,,,,,,
725,Malunil62,18,Male,72,Winter's Bite,3.77,,,,,,,
726,Iduelis31,23,Male,21,Souleater,1.1,,,,,,,
727,Yathecal82,20,Female,104,Gladiator's Glaive,1.93,,,,,,,
728,Chanosiaya39,44,Male,93,Apocalyptic Battlescythe,1.97,,,,,,,
729,Assylla81,20,Male,74,Yearning Crusher,4.18,,,,,,,
730,Aidaira26,30,Male,178,"Oathbreaker, Last Hope of the Breaking Storm",4.23,,,,,,,
731,Eudanu84,22,Female,12,Dawne,1.02,,,,,,,
732,Eurithphos97,9,Male,97,"Swan Song, Gouger Of Terror",2.5,,,,,,,
733,Chamiman85,20,Male,66,Victor Iron Spikes,4.4,,,,,,,
734,Arin32,25,Male,165,Bone Crushing Silver Skewer,4.86,,,,,,,
735,Leetirraya83,24,Male,54,Eternal Cleaver,2.5,,,,,,,
736,Tyialisti80,23,Male,58,"Freak's Bite, Favor of Holy Might",4.14,,,,,,,
737,Marundi65,22,Male,149,"Tranquility, Razor of Black Magic",1.75,,,,,,,
738,Eusur90,36,Male,121,Massacre,1.6,,,,,,,
739,Mindirranya33,35,Male,61,Ragnarok,3.87,,,,,,,
740,Reunasu60,22,Female,127,"Heartseeker, Reaver of Souls",3.92,,,,,,,
741,Phiallylis33,19,Male,145,Fiery Glass Crusader,4.58,,,,,,,
742,Isty55,20,Male,5,Putrid Fan,4.08,,,,,,,
743,Frichilsa31,15,Male,110,Suspension,1.44,,,,,,,
744,Chanastst38,22,Male,94,Mourning Blade,3.49,,,,,,,
745,Chanista95,39,Male,37,"Shadow Strike, Glory of Ending Hope",3.16,,,,,,,
746,Aellyria80,23,Male,159,"Oathbreaker, Spellblade of Trials",3.08,,,,,,,
747,Siarithria38,38,Other / Non-Disclosed,146,Warped Iron Scimitar,3.1,,,,,,,
748,Rastynusuir31,20,Male,55,Vindictive Glass Edge,2.27,,,,,,,
749,Chanossanya44,20,Male,53,Vengeance Cleaver,2.05,,,,,,,
750,Iljask75,22,Male,167,"Malice, Legacy of the Queen",3.61,,,,,,,
751,Lisjaskan36,11,Male,30,Stormcaller,3.36,,,,,,,
752,Mindjasksya61,17,Male,112,Worldbreaker,2.6,,,,,,,
753,Frichirranya75,36,Male,178,"Oathbreaker, Last Hope of the Breaking Storm",4.23,,,,,,,
754,Pheosurllorin41,23,Female,79,"Alpha, Oath of Zeal",4.05,,,,,,,
755,Raesty92,12,Male,76,Haunted Bronzed Bludgeon,3.15,,,,,,,
756,Ilast79,20,Male,73,Ritual Mace,2.05,,,,,,,
757,Eratiel90,18,Male,57,"Despair, Favor of Due Diligence",4.6,,,,,,,
758,Iral74,21,Male,182,Toothpick,4.03,,,,,,,
759,Tyaelorap29,25,Male,72,Winter's Bite,3.77,,,,,,,
760,Aithelis62,21,Male,44,Bonecarvin Battle Axe,2.38,,,,,,,
761,Assim27,45,Male,17,"Lazarus, Terror of the Earth",1.7,,,,,,,
762,Asur53,26,Male,110,Suspension,1.44,,,,,,,
763,Lassilsala30,21,Male,85,Malificent Bag,1.75,,,,,,,
764,Saedaiphos46,18,Male,113,Solitude's Reaver,4.07,,,,,,,
765,Irith83,18,Male,130,Alpha,2.07,,,,,,,
766,Aelastirin39,23,Male,58,"Freak's Bite, Favor of Holy Might",4.14,,,,,,,
767,Ilmol66,8,Female,92,Final Critic,4.88,,,,,,,
768,Assassasta79,38,Male,92,Final Critic,4.88,,,,,,,
769,Ilosian36,15,Male,145,Fiery Glass Crusader,4.58,,,,,,,
770,Lirtosia63,34,Male,12,Dawne,1.02,,,,,,,
771,Iskossasda43,16,Male,25,Hero Cane,4.35,,,,,,,
772,Asur53,26,Male,136,Ghastly Adamantite Protector,3.58,,,,,,,
773,Hala31,21,Male,19,"Pursuit, Cudgel of Necromancy",1.02,,,,,,,
774,Jiskjask80,11,Male,92,Final Critic,4.19,,,,,,,
775,Aethedru70,21,Female,60,Wolf,3.54,,,,,,,
776,Iral74,21,Male,164,Exiled Doomblade,1.63,,,,,,,
777,Yathecal72,20,Male,67,"Celeste, Incarnation of the Corrupted",3.46,,,,,,,
778,Sisur91,7,Male,92,Final Critic,4.19,,,,,,,
779,Ennrian78,24,Male,50,Dawn,4.6,,,,,,,